<?xml version="1.0" encoding="UTF-8"?>
<archetype-descriptor name="dependency-check-plugin"
    xsi:schemaLocation="http://maven.apache.org/plugins/maven-archetype-plugin/archetype-descriptor/1.0.0 http://maven.apache.org/xsd/archetype-descriptor-1.0.0.xsd" 
    xmlns="http://maven.apache.org/plugins/maven-archetype-plugin/archetype-descriptor/1.0.0"
    xmlns:xsi="http://www.w3.org/2001/XMLSchema-instance">
  <requiredProperties>
    <requiredProperty key="analyzerName">
      <defaultValue>CustomAnalyzer</defaultValue>
    </requiredProperty>
  </requiredProperties>
  <fileSets>
    <fileSet filtered="true" packaged="true" encoding="UTF-8">
      <directory>src/main/java</directory>
      <includes>
        <include>**/*.java</include>
      </includes>
    </fileSet>
    <fileSet filtered="true" encoding="UTF-8">
      <directory>src/main/resources</directory>
      <includes>
        <include>**/*</include>
      </includes>
    </fileSet>
	<fileSet filtered="true" packaged="true" encoding="UTF-8">
      <directory>src/test/java</directory>
      <includes>
        <include>**/*.java</include>
      </includes>
    </fileSet>
    <fileSet filtered="true" encoding="UTF-8">
      <directory>src/test/resources</directory>
      <includes>
        <include>**/*</include>
      </includes>
    </fileSet>
  </fileSets>
</archetype-descriptor>
