<configuration>
    <contextName>dependency-check</contextName>
    <appender name="console" class="ch.qos.logback.core.ConsoleAppender">
        <Target>System.out</Target>
        <filter class="ch.qos.logback.classic.filter.ThresholdFilter">
            <level>INFO</level>
        </filter>
        <encoder>
            <pattern>[%level] %msg%n</pattern>
        </encoder>
    </appender>

    <logger name="org.apache.commons.jcs" level="ERROR" />
    <logger name="org.apache.hc" level="ERROR" />

    <root level="INFO">
        <appender-ref ref="console"/>
    </root>
</configuration>
