<?xml version="1.0" encoding="ISO-8859-1"?>
<!--
This file is part of dependency-check-core.

Licensed under the Apache License, Version 2.0 (the "License");
you may not use this file except in compliance with the License.
You may obtain a copy of the License at

    http://www.apache.org/licenses/LICENSE-2.0

Unless required by applicable law or agreed to in writing, software
distributed under the License is distributed on an "AS IS" BASIS,
WITHOUT WARRANTIES OR CONDITIONS OF ANY KIND, either express or implied.
See the License for the specific language governing permissions and
limitations under the License.

Copyright (c) 2012 Jeremy Long. All Rights Reserved.
-->
<project name="dependency-check-core">
    <bannerLeft>
        <name>OWASP dependency-check-core</name>
        <alt>OWASP dependency-check-core</alt>
        <src>./images/dc-core.svg</src>
    </bannerLeft>
    <body>
        <breadcrumbs>
            <item name="dependency-check" href="../index.html"/>
        </breadcrumbs>
        <menu ref="OWASP dependency-check-core">
            <item collapse="false" name="About" href="./index.html"/>
        </menu>
        <menu ref="reports" />
    </body>
</project>